{
  "ours_10000": {
    "LPIPS": {
      "IMG_1800.png": 0.14087344706058502,
      "IMG_1808.png": 0.16097718477249146,
      "IMG_1816.png": 0.16259562969207764,
      "IMG_1824.png": 0.23264390230178833,
      "IMG_1832.png": 0.18674422800540924,
      "IMG_1840.png": 0.1704070270061493
    },
    "PSNR": {
      "IMG_1800.png": 25.609495162963867,
      "IMG_1808.png": 23.95797348022461,
      "IMG_1816.png": 24.1485595703125,
      "IMG_1824.png": 20.53563690185547,
      "IMG_1832.png": 22.103683471679688,
      "IMG_1840.png": 24.455270767211914
    },
    "SSIM": {
      "IMG_1800.png": 0.7549854516983032,
      "IMG_1808.png": 0.7265422344207764,
      "IMG_1816.png": 0.7492558360099792,
      "IMG_1824.png": 0.642888069152832,
      "IMG_1832.png": 0.739660918712616,
      "IMG_1840.png": 0.7560122609138489
    }
  }
}
