{
  "ours_10000": {
    "LPIPS": 0.17570690313975015,
    "PSNR": 23.46843655904134,
    "SSIM": 0.728224128484726
  }
}
