{
  "ours_10000": {
    "LPIPS": {
      "DJI_20200226_143850_006.png": 0.17348627746105194,
      "DJI_20200226_143901_419.png": 0.1795462667942047,
      "DJI_20200226_143912_008.png": 0.24158841371536255,
      "DJI_20200226_143926_241.png": 0.18516424298286438,
      "DJI_20200226_143938_168.png": 0.17807388305664062,
      "DJI_20200226_143948_113.png": 0.1620464324951172
    },
    "PSNR": {
      "DJI_20200226_143850_006.png": 24.035213470458984,
      "DJI_20200226_143901_419.png": 21.528362274169922,
      "DJI_20200226_143912_008.png": 18.00267219543457,
      "DJI_20200226_143926_241.png": 20.212242126464844,
      "DJI_20200226_143938_168.png": 22.30919075012207,
      "DJI_20200226_143948_113.png": 22.771883010864258
    },
    "SSIM": {
      "DJI_20200226_143850_006.png": 0.8845605254173279,
      "DJI_20200226_143901_419.png": 0.857097864151001,
      "DJI_20200226_143912_008.png": 0.7855959534645081,
      "DJI_20200226_143926_241.png": 0.8607661128044128,
      "DJI_20200226_143938_168.png": 0.8642938733100891,
      "DJI_20200226_143948_113.png": 0.887636125087738
    }
  }
}
