{
  "ours_10000": {
    "LPIPS": 0.18665091941754022,
    "PSNR": 21.47659397125244,
    "SSIM": 0.8566584090391794
  }
}
