{
  "ours_10000": {
    "LPIPS": {
      "DJI_20200223_163548_810.png": 0.10749780386686325,
      "DJI_20200223_163557_660.png": 0.17725509405136108,
      "DJI_20200223_163604_605.png": 0.18207205832004547,
      "DJI_20200223_163611_160.png": 0.17017801105976105,
      "DJI_20200223_163620_700.png": 0.20579591393470764,
      "DJI_20200223_163639_916.png": 0.1307331621646881,
      "DJI_20200223_163646_755.png": 0.11649541556835175
    },
    "PSNR": {
      "DJI_20200223_163548_810.png": 24.247970581054688,
      "DJI_20200223_163557_660.png": 21.29690933227539,
      "DJI_20200223_163604_605.png": 20.705612182617188,
      "DJI_20200223_163611_160.png": 20.61505126953125,
      "DJI_20200223_163620_700.png": 20.054895401000977,
      "DJI_20200223_163639_916.png": 22.614173889160156,
      "DJI_20200223_163646_755.png": 23.579124450683594
    },
    "SSIM": {
      "DJI_20200223_163548_810.png": 0.8802832365036011,
      "DJI_20200223_163557_660.png": 0.7912313938140869,
      "DJI_20200223_163604_605.png": 0.7793065905570984,
      "DJI_20200223_163611_160.png": 0.7689965963363647,
      "DJI_20200223_163620_700.png": 0.7478799223899841,
      "DJI_20200223_163639_916.png": 0.8459533452987671,
      "DJI_20200223_163646_755.png": 0.8582274913787842
    }
  }
}
