{
  "ours_10000": {
    "LPIPS": 0.1557182084236826,
    "PSNR": 21.873391015189036,
    "SSIM": 0.8102683680398124
  }
}
