{
  "ours_10000": {
    "LPIPS": {
      "DJI_20200223_163016_842.png": 0.2744092047214508,
      "DJI_20200223_163024_597.png": 0.3765867352485657,
      "DJI_20200223_163033_432.png": 0.284170925617218,
      "DJI_20200223_163047_307.png": 0.2883787453174591,
      "DJI_20200223_163055_437.png": 0.25580114126205444,
      "DJI_20200223_163103_777.png": 0.28800514340400696,
      "DJI_20200223_163201_633.png": 0.24334187805652618,
      "DJI_20200223_163208_938.png": 0.40940308570861816
    },
    "PSNR": {
      "DJI_20200223_163016_842.png": 22.632427215576172,
      "DJI_20200223_163024_597.png": 18.349618911743164,
      "DJI_20200223_163033_432.png": 21.251068115234375,
      "DJI_20200223_163047_307.png": 20.339000701904297,
      "DJI_20200223_163055_437.png": 21.349689483642578,
      "DJI_20200223_163103_777.png": 20.247879028320312,
      "DJI_20200223_163201_633.png": 20.01702880859375,
      "DJI_20200223_163208_938.png": 14.035745620727539
    },
    "SSIM": {
      "DJI_20200223_163016_842.png": 0.7018197178840637,
      "DJI_20200223_163024_597.png": 0.5592824220657349,
      "DJI_20200223_163033_432.png": 0.6907015442848206,
      "DJI_20200223_163047_307.png": 0.6956350803375244,
      "DJI_20200223_163055_437.png": 0.7388938665390015,
      "DJI_20200223_163103_777.png": 0.703161895275116,
      "DJI_20200223_163201_633.png": 0.746336042881012,
      "DJI_20200223_163208_938.png": 0.5647537708282471
    }
  }
}
