{
  "ours_10000": {
    "LPIPS": 0.3025121074169874,
    "PSNR": 19.777807235717773,
    "SSIM": 0.67507304251194
  }
}
