{
  "rows": [
    {
      "dataset": "refnerf",
      "scene": "coffee",
      "strategy": "uniform_pose",
      "views": 3,
      "seed": 0,
      "iteration": 10,
      "train_views": 3,
      "test_views": 200,
      "psnr": 7.156134719848633,
      "ssim": 0.34158166870474815,
      "lpips": 0.8905650734901428,
      "baseline_psnr": 31.92332408905,
      "baseline_ssim": 0.968781870206,
      "baseline_lpips": 0.065986671907,
      "delta_psnr": -24.767189369201365,
      "delta_ssim": -0.6272002015012519,
      "delta_lpips": 0.8245784015831428,
      "checkpoint_exists": true,
      "render_exists": true,
      "metrics_exists": true,
      "status": "ok",
      "notes": ""
    }
  ],
  "dataset_averages": [
    {
      "dataset": "refnerf",
      "strategy": "uniform_pose",
      "views": 3,
      "seed": 0,
      "scenes": 1,
      "psnr": 7.156134719848633,
      "ssim": 0.34158166870474815,
      "lpips": 0.8905650734901428,
      "delta_psnr": -24.767189369201365,
      "delta_ssim": -0.6272002015012519,
      "delta_lpips": 0.8245784015831428
    }
  ],
  "cross_seed_averages": [
    {
      "dataset": "refnerf",
      "strategy": "uniform_pose",
      "views": 3,
      "seeds": 1,
      "psnr_mean": 7.156134719848633,
      "psnr_std": null,
      "ssim_mean": 0.34158166870474815,
      "ssim_std": null,
      "lpips_mean": 0.8905650734901428,
      "lpips_std": null,
      "delta_psnr_mean": -24.767189369201365,
      "delta_ssim_mean": -0.6272002015012519,
      "delta_lpips_mean": 0.8245784015831428
    }
  ]
}
