{
  "ours_10000": {
    "LPIPS": {
      "IMG_2962.png": 0.1426355540752411,
      "IMG_2970.png": 0.42489343881607056,
      "IMG_2978.png": 0.10709571838378906,
      "IMG_2986.png": 0.3944888710975647,
      "IMG_2994.png": 0.15623266994953156
    },
    "PSNR": {
      "IMG_2962.png": 23.749279022216797,
      "IMG_2970.png": 14.892064094543457,
      "IMG_2978.png": 25.241790771484375,
      "IMG_2986.png": 15.521354675292969,
      "IMG_2994.png": 22.905719757080078
    },
    "SSIM": {
      "IMG_2962.png": 0.7932164669036865,
      "IMG_2970.png": 0.36940985918045044,
      "IMG_2978.png": 0.8190724849700928,
      "IMG_2986.png": 0.41552653908729553,
      "IMG_2994.png": 0.7586721777915955
    }
  }
}
