{
  "ours_10000": {
    "LPIPS": 0.2450692504644394,
    "PSNR": 20.462041664123536,
    "SSIM": 0.6311795055866242
  }
}
