{
  "ours_10000": {
    "LPIPS": {
      "DJI_20200226_143850_006.png": 0.1477230191230774,
      "DJI_20200226_143901_419.png": 0.15031933784484863,
      "DJI_20200226_143912_008.png": 0.22518670558929443,
      "DJI_20200226_143926_241.png": 0.1747787892818451,
      "DJI_20200226_143938_168.png": 0.14392384886741638,
      "DJI_20200226_143948_113.png": 0.15113794803619385
    },
    "PSNR": {
      "DJI_20200226_143850_006.png": 23.94883918762207,
      "DJI_20200226_143901_419.png": 21.328466415405273,
      "DJI_20200226_143912_008.png": 17.74810791015625,
      "DJI_20200226_143926_241.png": 20.387470245361328,
      "DJI_20200226_143938_168.png": 22.1016902923584,
      "DJI_20200226_143948_113.png": 22.036283493041992
    },
    "SSIM": {
      "DJI_20200226_143850_006.png": 0.879557728767395,
      "DJI_20200226_143901_419.png": 0.8535088300704956,
      "DJI_20200226_143912_008.png": 0.7656699419021606,
      "DJI_20200226_143926_241.png": 0.8414564728736877,
      "DJI_20200226_143938_168.png": 0.8612028360366821,
      "DJI_20200226_143948_113.png": 0.868207573890686
    }
  }
}
