{
  "ours_10000": {
    "LPIPS": 0.1655116081237793,
    "PSNR": 21.25847625732422,
    "SSIM": 0.8449338972568512
  }
}
