{
  "ours_10000": {
    "LPIPS": {
      "IMG_1800.png": 0.20238429307937622,
      "IMG_1808.png": 0.22342559695243835,
      "IMG_1816.png": 0.23224952816963196,
      "IMG_1824.png": 0.2751381993293762,
      "IMG_1832.png": 0.24675747752189636,
      "IMG_1840.png": 0.25320300459861755
    },
    "PSNR": {
      "IMG_1800.png": 24.188735961914062,
      "IMG_1808.png": 23.383026123046875,
      "IMG_1816.png": 23.806751251220703,
      "IMG_1824.png": 20.466148376464844,
      "IMG_1832.png": 22.069782257080078,
      "IMG_1840.png": 23.932682037353516
    },
    "SSIM": {
      "IMG_1800.png": 0.735896646976471,
      "IMG_1808.png": 0.6929818987846375,
      "IMG_1816.png": 0.7314730286598206,
      "IMG_1824.png": 0.6343569159507751,
      "IMG_1832.png": 0.7220412492752075,
      "IMG_1840.png": 0.7231314182281494
    }
  }
}
