{
  "ours_10000": {
    "LPIPS": 0.23885968327522278,
    "PSNR": 22.974521001180012,
    "SSIM": 0.7066468596458435
  }
}
