{
  "ours_10000": {
    "LPIPS": {
      "DJI_20200223_163016_842.png": 0.17486652731895447,
      "DJI_20200223_163024_597.png": 0.311367928981781,
      "DJI_20200223_163033_432.png": 0.19727766513824463,
      "DJI_20200223_163047_307.png": 0.21754132211208344,
      "DJI_20200223_163055_437.png": 0.18434546887874603,
      "DJI_20200223_163103_777.png": 0.22782693803310394,
      "DJI_20200223_163201_633.png": 0.15444087982177734,
      "DJI_20200223_163208_938.png": 0.3549175262451172
    },
    "PSNR": {
      "DJI_20200223_163016_842.png": 23.819454193115234,
      "DJI_20200223_163024_597.png": 18.742490768432617,
      "DJI_20200223_163033_432.png": 22.11859893798828,
      "DJI_20200223_163047_307.png": 21.011489868164062,
      "DJI_20200223_163055_437.png": 22.07859992980957,
      "DJI_20200223_163103_777.png": 20.007055282592773,
      "DJI_20200223_163201_633.png": 21.228158950805664,
      "DJI_20200223_163208_938.png": 15.082063674926758
    },
    "SSIM": {
      "DJI_20200223_163016_842.png": 0.7812095880508423,
      "DJI_20200223_163024_597.png": 0.6036007404327393,
      "DJI_20200223_163033_432.png": 0.7508658766746521,
      "DJI_20200223_163047_307.png": 0.7272197604179382,
      "DJI_20200223_163055_437.png": 0.7737669944763184,
      "DJI_20200223_163103_777.png": 0.7169210910797119,
      "DJI_20200223_163201_633.png": 0.8022859692573547,
      "DJI_20200223_163208_938.png": 0.5550232529640198
    }
  }
}
