{
  "ours_10000": {
    "LPIPS": 0.227823032066226,
    "PSNR": 20.51098895072937,
    "SSIM": 0.7138616591691971
  }
}
