{
  "ours_10000": {
    "LPIPS": {
      "IMG_2997.png": 0.21332883834838867,
      "IMG_3006.png": 0.18786472082138062,
      "IMG_3014.png": 0.2245863825082779,
      "IMG_3022.png": 0.212797150015831
    },
    "PSNR": {
      "IMG_2997.png": 17.987308502197266,
      "IMG_3006.png": 18.29347801208496,
      "IMG_3014.png": 17.022457122802734,
      "IMG_3022.png": 17.755901336669922
    },
    "SSIM": {
      "IMG_2997.png": 0.6468631029129028,
      "IMG_3006.png": 0.646947979927063,
      "IMG_3014.png": 0.5879340767860413,
      "IMG_3022.png": 0.6471741199493408
    }
  }
}
