{
  "ours_10000": {
    "LPIPS": 0.20964427292346954,
    "PSNR": 17.76478624343872,
    "SSIM": 0.632229819893837
  }
}
