{
  "ours_10000": {
    "LPIPS": {
      "IMG_4467.png": 0.31437015533447266,
      "IMG_4475.png": 0.29964450001716614,
      "IMG_4483.png": 0.3803836703300476,
      "IMG_4491.png": 0.3357267677783966
    },
    "PSNR": {
      "IMG_4467.png": 16.217864990234375,
      "IMG_4475.png": 16.751420974731445,
      "IMG_4483.png": 14.404438972473145,
      "IMG_4491.png": 15.657785415649414
    },
    "SSIM": {
      "IMG_4467.png": 0.47176051139831543,
      "IMG_4475.png": 0.5095813274383545,
      "IMG_4483.png": 0.37322884798049927,
      "IMG_4491.png": 0.4848690927028656
    }
  }
}
