{
  "ours_10000": {
    "LPIPS": 0.33253127336502075,
    "PSNR": 15.757877588272095,
    "SSIM": 0.4598599448800087
  }
}
