{
  "ours_10000": {
    "LPIPS": {
      "IMG_4467.png": 0.22520674765110016,
      "IMG_4475.png": 0.21713396906852722,
      "IMG_4483.png": 0.3091428875923157,
      "IMG_4491.png": 0.265835165977478
    },
    "PSNR": {
      "IMG_4467.png": 16.870410919189453,
      "IMG_4475.png": 17.535884857177734,
      "IMG_4483.png": 14.973286628723145,
      "IMG_4491.png": 16.375106811523438
    },
    "SSIM": {
      "IMG_4467.png": 0.5250606536865234,
      "IMG_4475.png": 0.571221649646759,
      "IMG_4483.png": 0.4266977310180664,
      "IMG_4491.png": 0.5445459485054016
    }
  }
}
