{
  "ours_10000": {
    "LPIPS": 0.25432969257235527,
    "PSNR": 16.438672304153442,
    "SSIM": 0.5168814957141876
  }
}
