{
  "ours_10000": {
    "LPIPS": {
      "IMG_2962.png": 0.24027453362941742,
      "IMG_2970.png": 0.4800797998905182,
      "IMG_2978.png": 0.2012031376361847,
      "IMG_2986.png": 0.45498043298721313,
      "IMG_2994.png": 0.2501212954521179
    },
    "PSNR": {
      "IMG_2962.png": 23.030168533325195,
      "IMG_2970.png": 14.477094650268555,
      "IMG_2978.png": 24.18035316467285,
      "IMG_2986.png": 15.07676887512207,
      "IMG_2994.png": 22.276565551757812
    },
    "SSIM": {
      "IMG_2962.png": 0.7359744906425476,
      "IMG_2970.png": 0.4076566696166992,
      "IMG_2978.png": 0.753619909286499,
      "IMG_2986.png": 0.4428388476371765,
      "IMG_2994.png": 0.7123298645019531
    }
  }
}
