{
  "ours_10000": {
    "LPIPS": 0.32533183991909026,
    "PSNR": 19.808190155029298,
    "SSIM": 0.610483956336975
  }
}
