{
  "ours_10000": {
    "LPIPS": {
      "IMG_4026.png": 0.22765949368476868,
      "IMG_4034.png": 0.22109970450401306,
      "IMG_4042.png": 0.3614116311073303
    },
    "PSNR": {
      "IMG_4026.png": 21.487354278564453,
      "IMG_4034.png": 21.887432098388672,
      "IMG_4042.png": 18.087003707885742
    },
    "SSIM": {
      "IMG_4026.png": 0.7308116555213928,
      "IMG_4034.png": 0.7181642651557922,
      "IMG_4042.png": 0.5789878964424133
    }
  }
}
