{
  "ours_10000": {
    "LPIPS": 0.27005694309870404,
    "PSNR": 20.487263361612957,
    "SSIM": 0.6759879390398661
  }
}
