{
  "ours_10000": {
    "LPIPS": {
      "IMG_2997.png": 0.28344422578811646,
      "IMG_3006.png": 0.2635772228240967,
      "IMG_3014.png": 0.2990570664405823,
      "IMG_3022.png": 0.2764946222305298
    },
    "PSNR": {
      "IMG_2997.png": 16.715299606323242,
      "IMG_3006.png": 16.927064895629883,
      "IMG_3014.png": 16.23036766052246,
      "IMG_3022.png": 17.213153839111328
    },
    "SSIM": {
      "IMG_2997.png": 0.5467316508293152,
      "IMG_3006.png": 0.5352086424827576,
      "IMG_3014.png": 0.49885669350624084,
      "IMG_3022.png": 0.5717812776565552
    }
  }
}
