{
  "ours_10000": {
    "LPIPS": 0.2806432843208313,
    "PSNR": 16.77147150039673,
    "SSIM": 0.5381445661187172
  }
}
