{
  "ours_10000": {
    "LPIPS": {
      "DJI_20200223_163548_810.png": 0.1718282401561737,
      "DJI_20200223_163557_660.png": 0.2460627555847168,
      "DJI_20200223_163604_605.png": 0.24364390969276428,
      "DJI_20200223_163611_160.png": 0.2432265430688858,
      "DJI_20200223_163620_700.png": 0.25701501965522766,
      "DJI_20200223_163639_916.png": 0.19879594445228577,
      "DJI_20200223_163646_755.png": 0.1971193552017212
    },
    "PSNR": {
      "DJI_20200223_163548_810.png": 23.60948944091797,
      "DJI_20200223_163557_660.png": 20.4262638092041,
      "DJI_20200223_163604_605.png": 20.445255279541016,
      "DJI_20200223_163611_160.png": 19.237756729125977,
      "DJI_20200223_163620_700.png": 19.655231475830078,
      "DJI_20200223_163639_916.png": 21.952651977539062,
      "DJI_20200223_163646_755.png": 22.55160140991211
    },
    "SSIM": {
      "DJI_20200223_163548_810.png": 0.8629483580589294,
      "DJI_20200223_163557_660.png": 0.7761183977127075,
      "DJI_20200223_163604_605.png": 0.764045000076294,
      "DJI_20200223_163611_160.png": 0.7284959554672241,
      "DJI_20200223_163620_700.png": 0.7461318969726562,
      "DJI_20200223_163639_916.png": 0.8232215046882629,
      "DJI_20200223_163646_755.png": 0.8211431503295898
    }
  }
}
