{
  "ours_10000": {
    "LPIPS": 0.22252739540168218,
    "PSNR": 21.125464303152903,
    "SSIM": 0.7888720376150948
  }
}
