{
  "ours_10000": {
    "LPIPS": {
      "IMG_4026.png": 0.15321040153503418,
      "IMG_4034.png": 0.1359114795923233,
      "IMG_4042.png": 0.3063541650772095
    },
    "PSNR": {
      "IMG_4026.png": 23.313417434692383,
      "IMG_4034.png": 23.746442794799805,
      "IMG_4042.png": 18.695758819580078
    },
    "SSIM": {
      "IMG_4026.png": 0.7820631265640259,
      "IMG_4034.png": 0.7813522219657898,
      "IMG_4042.png": 0.5992444157600403
    }
  }
}
