{
  "ours_10000": {
    "LPIPS": 0.1984920154015223,
    "PSNR": 21.91853968302409,
    "SSIM": 0.7208865880966187
  }
}
